{"cameraMode":{"drawMode":0,"name":"Shaded","section":"Shading Mode"},"sceneLighting":false,"audioPlay":false,"sceneViewState":{"showFog":true,"showMaterialUpdate":false,"showSkybox":false,"showFlares":true,"showImageEffects":true,"showParticleSystems":true},"in2DMode":false,"pivot":{"x":-0.0010226964950561524,"y":0.21408623456954957,"z":0.4359395503997803},"rotation":{"x":0.5869445204734802,"y":0.10060922801494599,"z":-0.07381751388311386,"w":0.7999574542045593},"size":0.6919519901275635,"orthographic":false}